City_ID,City,Country,Date,Lat,Lng,Max Temp,Humidity,Cloudiness,Wind Speed
0,Acarau,BR,2021-04-13 19:23:27,-2.8856,-40.12,82.58,74,70,13.2
1,Semirom,IR,2021-04-13 19:23:28,31.4167,51.5667,48.47,68,7,3.04
2,Barrow,US,2021-04-13 19:23:28,71.2906,-156.7887,-0.4,71,1,8.05
3,Bredasdorp,ZA,2021-04-13 19:23:28,-34.5322,20.0403,64.4,88,22,3.6
4,Vanderhoof,CA,2021-04-13 19:23:29,54.0166,-124.0198,49.23,37,66,1.77
5,Cayenne,GF,2021-04-13 19:22:22,4.9333,-52.3333,86.0,70,40,12.66
6,Rafaela,AR,2021-04-13 19:23:29,-31.2503,-61.4867,79.0,38,0,3.0
7,Chokurdakh,RU,2021-04-13 19:23:29,70.6333,147.9167,-13.02,97,15,5.84
8,Sisimiut,GL,2021-04-13 19:23:30,66.9395,-53.6735,31.75,98,100,5.82
9,Lebu,CL,2021-04-13 19:23:30,-37.6167,-73.65,62.4,79,87,16.15
10,East London,ZA,2021-04-13 19:23:31,-33.0153,27.9116,71.6,94,0,6.91
11,Klaksvik,FO,2021-04-13 19:23:31,62.2266,-6.589,42.8,93,75,10.36
12,Prenzlau,DE,2021-04-13 19:23:31,53.3167,13.8667,39.0,72,95,1.01
13,Jamestown,US,2021-04-13 19:19:24,42.097,-79.2353,64.0,41,1,5.75
14,Hilo,US,2021-04-13 19:23:32,19.7297,-155.09,77.0,57,1,6.91
15,Lakes Entrance,AU,2021-04-13 19:23:32,-37.8811,147.981,66.99,43,100,5.01
16,Sault Sainte Marie,CA,2021-04-13 19:22:06,46.5168,-84.3333,50.0,62,90,12.66
17,Rikitea,PF,2021-04-13 19:23:32,-23.1203,-134.9692,78.51,64,51,9.84
18,Egvekinot,RU,2021-04-13 19:23:33,66.3167,-179.1667,6.1,83,100,13.53
19,Kalmunai,LK,2021-04-13 19:23:33,7.4167,81.8167,80.02,79,97,4.21
20,Puerto Ayora,EC,2021-04-13 19:23:33,-0.7393,-90.3518,82.4,74,75,13.8
21,Kozhva,RU,2021-04-13 19:23:33,65.1073,57.0459,40.6,96,100,7.63
22,Hami,CN,2021-04-13 19:23:34,42.8,93.45,52.43,21,0,4.74
23,Arraial Do Cabo,BR,2021-04-13 19:18:38,-22.9661,-42.0278,78.8,61,40,12.66
24,Okhotsk,RU,2021-04-13 19:23:34,59.3833,143.3,2.23,99,99,6.82
25,Mahebourg,MU,2021-04-13 19:23:35,-20.4081,57.7,78.8,83,75,5.75
26,Olafsvik,IS,2021-04-13 19:23:35,64.8945,-23.7142,41.74,86,14,9.8
27,Bambous Virieux,MU,2021-04-13 19:23:35,-20.3428,57.7575,79.0,83,75,5.75
28,Nanortalik,GL,2021-04-13 19:23:35,60.1432,-45.2371,38.44,69,0,5.19
29,Ostrovnoy,RU,2021-04-13 19:23:36,68.0531,39.5131,31.17,97,100,10.89
30,Quatre Cocos,MU,2021-04-13 19:23:36,-20.2078,57.7625,79.0,83,75,5.75
31,Kuala Selangor,MY,2021-04-13 19:23:36,3.35,101.25,77.0,94,20,5.55
32,Kuala Pilah,MY,2021-04-13 19:23:37,2.7389,102.2487,78.8,89,40,2.3
33,Busselton,AU,2021-04-13 19:23:37,-33.65,115.3333,58.59,71,100,2.62
34,Kanel,SN,2021-04-13 19:23:37,15.4916,-13.1763,111.2,13,0,4.61
35,Hobart,AU,2021-04-13 19:23:38,-42.8794,147.3294,59.0,67,90,14.97
36,Vaini,TO,2021-04-13 19:23:38,-21.2,-175.2,68.0,94,20,2.3
37,Mataura,NZ,2021-04-13 19:23:38,-46.1927,168.8643,51.01,96,100,5.99
38,Palmer,US,2021-04-13 19:23:38,42.1584,-72.3287,66.2,39,75,8.05
39,Houston,US,2021-04-13 19:22:34,29.7633,-95.3633,84.99,65,75,6.02
40,Sile,TR,2021-04-13 19:23:39,41.1754,29.6133,57.2,47,75,3.44
41,Punta Arenas,CL,2021-04-13 19:23:39,-53.15,-70.9167,50.0,76,90,9.22
42,Nouadhibou,MR,2021-04-13 19:23:40,20.931,-17.0347,75.2,57,100,11.5
43,San Luis,AR,2021-04-13 19:23:40,-33.295,-66.3356,76.03,27,0,3.09
44,Norman Wells,CA,2021-04-13 19:23:40,65.282,-126.8329,28.4,43,20,10.36
45,New Norfolk,AU,2021-04-13 19:23:41,-42.7826,147.0587,57.99,80,100,1.99
46,Narsaq,GL,2021-04-13 19:23:41,60.9167,-46.05,46.4,39,1,9.22
47,Hobyo,SO,2021-04-13 19:23:41,5.3505,48.5268,82.2,67,100,13.2
48,Port Blair,IN,2021-04-13 19:23:42,11.6667,92.75,82.45,72,100,3.8
49,Balvi,LV,2021-04-13 19:20:16,57.1313,27.2658,39.47,94,100,8.52
50,Leningradskiy,RU,2021-04-13 19:23:42,69.3833,178.4167,2.16,85,100,7.43
51,Mitchell,US,2021-04-13 19:23:28,43.7094,-98.0298,39.2,41,90,26.46
52,Albany,US,2021-04-13 19:23:43,42.6001,-73.9662,64.99,39,99,1.99
53,Sitka,US,2021-04-13 19:23:43,57.0531,-135.33,42.8,75,75,13.8
54,Champerico,GT,2021-04-13 19:23:43,14.3,-91.9167,95.0,49,20,4.61
55,Saskylakh,RU,2021-04-13 19:23:44,71.9167,114.0833,5.61,99,97,4.36
56,Bonthe,SL,2021-04-13 19:23:44,7.5264,-12.505,83.01,77,100,10.04
57,Katherine,AU,2021-04-13 19:23:44,-14.4667,132.2667,62.6,82,50,8.05
58,Sept-Iles,CA,2021-04-13 19:23:45,50.2001,-66.3821,44.01,65,7,6.91
59,Clyde River,CA,2021-04-13 19:23:45,70.4692,-68.5914,5.0,85,75,14.97
60,Barra Do Garcas,BR,2021-04-13 19:21:27,-15.89,-52.2567,93.2,38,20,2.3
61,Kedainiai,LT,2021-04-13 19:23:45,55.2883,23.9747,37.4,87,90,6.91
62,Ushuaia,AR,2021-04-13 19:19:22,-54.8,-68.3,48.2,57,90,4.61
63,Fortuna,US,2021-04-13 19:23:46,40.5982,-124.1573,61.0,67,1,13.8
64,Faanui,PF,2021-04-13 19:23:46,-16.4833,-151.75,80.76,73,99,10.94
65,Upernavik,GL,2021-04-13 19:23:46,72.7868,-56.1549,9.72,91,100,10.29
66,Hermanus,ZA,2021-04-13 19:23:47,-34.4187,19.2345,67.59,71,8,5.35
67,Anqing,CN,2021-04-13 19:23:47,30.5092,117.0506,58.21,90,100,9.48
68,Cape Town,ZA,2021-04-13 19:21:43,-33.9258,18.4232,66.99,94,75,12.66
69,Christchurch,NZ,2021-04-13 19:23:48,-43.5333,172.6333,51.01,93,90,2.3
70,Yellowknife,CA,2021-04-13 19:23:48,62.456,-114.3525,35.01,69,75,13.8
71,Nsanje,MW,2021-04-13 19:23:48,-16.92,35.262,70.43,95,100,2.66
72,Severo-Kurilsk,RU,2021-04-13 19:23:49,50.6789,156.125,37.04,91,100,13.18
73,Mucurapo,TT,2021-04-13 19:23:49,10.6667,-61.5333,89.6,62,40,10.36
74,Fukuma,JP,2021-04-13 19:23:49,33.7667,130.4667,53.6,62,100,6.91
75,Dikson,RU,2021-04-13 19:23:50,73.5069,80.5464,2.55,94,100,12.53
76,Chuy,UY,2021-04-13 19:23:50,-33.6971,-53.4616,70.59,56,0,3.71
77,Isangel,VU,2021-04-13 19:23:50,-19.55,169.2667,78.3,85,8,4.79
78,Huarmey,PE,2021-04-13 19:23:50,-10.0681,-78.1522,72.37,77,100,9.48
79,Castro,BR,2021-04-13 19:23:10,-24.7911,-50.0119,69.3,72,96,3.18
80,Goure,NE,2021-04-13 19:22:06,13.9835,10.2704,91.99,4,0,3.0
81,Sambava,MG,2021-04-13 19:23:51,-14.2667,50.1667,75.87,90,100,9.71
82,Mar Del Plata,AR,2021-04-13 19:23:51,-38.0023,-57.5575,78.8,41,0,5.75
83,Vardo,NO,2021-04-13 19:23:52,70.3705,31.1107,28.4,74,0,8.05
84,Manggar,ID,2021-04-13 19:23:52,-2.8833,108.2667,78.6,81,100,3.98
85,Madaoua,NE,2021-04-13 19:23:52,14.073,5.96,90.82,5,0,9.62
86,Fare,PF,2021-04-13 19:23:53,-16.7,-151.0167,82.36,69,93,12.77
87,Qaanaaq,GL,2021-04-13 19:23:53,77.484,-69.3632,-3.53,97,95,5.1
88,Tessalit,ML,2021-04-13 19:23:53,20.1986,1.0114,95.67,7,89,6.53
89,Awbari,LY,2021-04-13 19:23:53,26.5921,12.7805,82.24,11,6,9.48
90,Labuhan,ID,2021-04-13 19:23:54,-6.8844,112.2051,77.49,85,10,3.71
91,Emerald,AU,2021-04-13 19:23:54,-23.5333,148.1667,60.8,88,0,4.61
92,Polunochnoye,RU,2021-04-13 19:23:55,60.8697,60.4153,46.33,76,100,12.37
93,Bathsheba,BB,2021-04-13 19:23:55,13.2167,-59.5167,84.2,65,40,13.8
94,Makkaveyevo,RU,2021-04-13 19:23:55,51.7533,113.9454,33.8,60,100,6.71
95,Nguruka,TZ,2021-04-13 19:23:56,-5.1092,31.0419,65.59,92,83,1.48
96,San Felipe,VE,2021-04-13 19:23:56,10.3399,-68.7425,93.22,41,100,7.34
97,Acari,PE,2021-04-13 19:23:56,-15.4311,-74.6158,81.5,52,96,9.48
98,Talnakh,RU,2021-04-13 19:23:57,69.4865,88.3972,23.74,95,100,14.18
99,Voznesenye,RU,2021-04-13 19:23:57,61.0106,35.4781,43.39,96,100,4.16
100,Centralia,US,2021-04-13 19:23:57,46.7162,-122.9543,60.01,21,1,8.05
101,Kaitangata,NZ,2021-04-13 19:23:58,-46.2817,169.8464,52.07,93,100,8.52
102,Tuktoyaktuk,CA,2021-04-13 19:23:58,69.4541,-133.0374,15.8,79,20,4.61
103,Zelenoborskiy,RU,2021-04-13 19:23:58,66.845,32.3622,30.99,100,100,11.52
104,Qeshm,IR,2021-04-13 19:23:59,26.9581,56.2719,82.4,74,40,9.22
105,Abashiri,JP,2021-04-13 19:23:59,44.0213,144.2697,39.6,95,30,12.91
106,Rakitovo,BG,2021-04-13 19:23:59,41.9833,24.0833,50.0,100,90,2.3
107,Ballina,AU,2021-04-13 19:24:00,-28.8667,153.5667,53.01,100,2,5.23
108,Ivanovskaya,RU,2021-04-13 19:24:00,55.2833,39.1167,53.6,54,3,8.95
109,Lascahobas,HT,2021-04-13 19:24:00,18.8294,-71.9364,86.0,70,20,13.8
110,Hurricane,US,2021-04-13 19:24:00,37.1753,-113.2899,78.01,14,1,13.02
111,Santarem,BR,2021-04-13 19:24:01,-2.4431,-54.7083,87.8,70,40,8.05
112,Vestmannaeyjar,IS,2021-04-13 19:24:01,63.4427,-20.2734,46.4,76,40,11.5
113,Thompson,CA,2021-04-13 19:24:01,55.7435,-97.8558,26.6,43,40,14.97
114,Kapaa,US,2021-04-13 19:24:02,22.0752,-159.319,75.2,60,20,13.8
115,Bubaque,GW,2021-04-13 19:24:02,11.2833,-15.8333,77.81,74,0,13.91
116,Atuona,PF,2021-04-13 19:24:02,-9.8,-139.0333,80.56,77,38,19.17
117,Port Keats,AU,2021-04-13 19:24:03,-14.25,129.55,75.9,58,11,3.71
118,Hithadhoo,MV,2021-04-13 19:24:03,-0.6,73.0833,82.99,65,100,7.81
119,Wairoa,NZ,2021-04-13 19:24:03,-39.0333,177.3667,54.0,86,0,1.99
120,Richards Bay,ZA,2021-04-13 19:24:04,-28.783,32.0377,72.14,92,100,5.19
121,Khani,GE,2021-04-13 19:24:04,41.9563,42.9566,44.6,100,90,4.61
122,Birao,CF,2021-04-13 19:24:04,10.2849,22.7882,83.35,8,73,6.76
123,Komsomolets,KZ,2021-04-13 19:24:05,53.7453,62.0708,42.44,93,0,7.49
124,Berlevag,NO,2021-04-13 19:23:09,70.8578,29.0864,28.4,59,0,10.36
125,Kavieng,PG,2021-04-13 19:24:05,-2.5744,150.7967,80.38,73,60,4.99
126,Aksarka,RU,2021-04-13 19:24:05,66.5606,67.7975,26.58,88,100,4.81
127,Hamilton,US,2021-04-13 19:20:22,39.1834,-84.5333,66.99,36,20,4.61
128,Praia Da Vitoria,PT,2021-04-13 19:24:06,38.7333,-27.0667,68.0,68,20,14.34
129,Mustasaari,FI,2021-04-13 19:24:06,63.1142,21.6822,36.0,80,20,10.36
130,Xiongyue,CN,2021-04-13 19:24:07,40.1774,122.1228,40.78,59,0,17.54
131,Te Anau,NZ,2021-04-13 19:24:07,-45.4167,167.7167,47.34,94,95,0.69
132,Karratha,AU,2021-04-13 19:24:07,-20.7377,116.8463,81.07,73,81,13.24
133,Beaupre,CA,2021-04-13 19:24:07,47.0443,-70.8953,54.0,46,5,27.63
134,Saint-Philippe,RE,2021-04-13 19:24:08,-21.3585,55.7679,78.8,73,0,4.61
135,Ambatofinandrahana,MG,2021-04-13 19:24:08,-20.55,46.8,59.45,94,100,4.23
136,Blythe,US,2021-04-13 19:24:08,33.6103,-114.5964,82.4,23,1,17.27
137,Lavrentiya,RU,2021-04-13 19:24:09,65.5833,-171.0,19.81,93,100,7.83
138,Yumen,CN,2021-04-13 19:24:09,40.2833,97.2,44.56,30,0,2.75
139,Russellville,US,2021-04-13 19:24:09,35.2784,-93.1338,72.0,46,1,9.22
140,Bathurst,AU,2021-04-13 19:24:10,-33.4166,149.5806,43.07,61,9,1.97
141,Grand Gaube,MU,2021-04-13 19:24:10,-20.0064,57.6608,79.0,80,97,5.01
142,Lima,PE,2021-04-13 19:23:41,-12.0432,-77.0282,71.6,73,20,10.36
143,Roswell,US,2021-04-13 19:23:09,34.0232,-84.3616,87.01,32,1,5.75
144,Byron Bay,AU,2021-04-13 19:23:22,-28.65,153.6167,53.01,100,0,4.16
145,Maxixe,MZ,2021-04-13 19:24:11,-23.8597,35.3472,72.36,81,0,6.51
146,Port Alfred,ZA,2021-04-13 19:24:11,-33.5906,26.891,71.92,90,9,9.19
147,Zaranj,AF,2021-04-13 19:24:11,30.9667,61.8833,80.6,19,75,11.5
148,Katsuura,JP,2021-04-13 19:24:12,35.1333,140.3,64.0,95,100,1.99
149,Varca,IN,2021-04-13 19:24:12,15.2167,73.9167,77.0,88,40,4.61
150,Tiarei,PF,2021-04-13 19:24:12,-17.5333,-149.3333,82.4,65,75,11.5
151,Paamiut,GL,2021-04-13 19:24:13,61.994,-49.6678,33.91,87,3,5.55
152,Ponta Do Sol,PT,2021-04-13 19:24:13,32.6667,-17.1,64.0,90,9,1.99
153,Saint George,US,2021-04-13 19:24:13,37.1041,-113.5841,78.01,14,1,13.6
154,Airai,TL,2021-04-13 19:24:14,-8.9266,125.4092,57.42,80,25,1.86
155,Yambio,SS,2021-04-13 19:24:14,4.5721,28.3955,68.61,94,100,4.56
156,Bluff,NZ,2021-04-13 19:24:14,-46.6,168.3333,51.01,96,100,5.99
157,Maraa,BR,2021-04-13 19:24:15,-1.8333,-65.3667,81.7,87,99,2.73
158,Mobaye,CF,2021-04-13 19:24:15,4.319,21.1786,72.9,78,56,6.26
159,Carnarvon,AU,2021-04-13 19:24:15,-24.8667,113.6333,70.0,45,0,24.81
160,Cabo San Lucas,MX,2021-04-13 19:21:06,22.8909,-109.9124,84.2,21,1,11.5
161,San Cristobal,VE,2021-04-13 19:24:16,7.7669,-72.225,98.6,28,40,17.27
162,Havoysund,NO,2021-04-13 19:22:11,70.9963,24.6622,32.0,64,75,9.22
163,Pauini,BR,2021-04-13 19:24:16,-7.7136,-66.9764,86.63,60,53,4.61
164,Ravar,IR,2021-04-13 19:24:16,31.2656,56.8055,72.88,28,100,4.7
165,Nikolskoye,RU,2021-04-13 19:24:17,59.7035,30.7861,42.01,65,0,15.66
166,Gamba,GA,2021-04-13 19:24:17,-2.65,10.0,79.93,84,100,5.46
167,Porto Belo,BR,2021-04-13 19:24:17,-27.1578,-48.5531,79.0,53,20,9.22
168,San Andres,CO,2021-04-13 19:19:42,12.5847,-81.7006,87.8,70,40,12.66
169,Amapa,BR,2021-04-13 19:24:18,1.0,-52.0,73.35,98,100,3.74
170,Xining,CN,2021-04-13 19:24:18,36.6167,101.7667,35.33,74,100,1.52
171,Oistins,BB,2021-04-13 19:24:18,13.0667,-59.5333,84.2,65,40,13.8
172,Kizukuri,JP,2021-04-13 19:24:19,40.8061,140.3861,46.99,83,100,4.0
173,Cururupu,BR,2021-04-13 19:24:19,-1.8283,-44.8683,83.8,71,100,6.67
174,Bay City,US,2021-04-13 19:24:19,43.5945,-83.8889,62.6,27,1,21.85
175,Alofi,NU,2021-04-13 19:24:20,-19.0595,-169.9187,73.4,94,40,2.3
176,Kokopo,PG,2021-04-13 19:24:20,-4.352,152.2633,75.54,69,97,4.97
177,Mayo,US,2021-04-13 19:24:20,38.8876,-76.5119,62.01,72,75,9.22
178,Coihaique,CL,2021-04-13 19:20:56,-45.5752,-72.0662,66.2,63,75,8.05
179,Nantucket,US,2021-04-13 19:23:51,41.2835,-70.0995,50.0,66,90,24.16
180,Saint-Leu,RE,2021-04-13 19:24:21,-21.15,55.2833,78.8,73,0,4.61
181,Tasiilaq,GL,2021-04-13 19:24:21,65.6145,-37.6368,33.8,75,20,6.91
182,Broome,US,2021-04-13 19:24:21,42.2506,-75.833,63.0,49,8,3.0
183,Batagay,RU,2021-04-13 19:24:22,67.6333,134.6333,-9.22,96,64,4.23
184,Udachnyy,RU,2021-04-13 19:24:22,66.4167,112.4,17.49,90,100,9.01
185,Ixtapa,MX,2021-04-13 19:24:22,20.7,-105.2,80.6,69,1,12.66
186,Nsawam,GH,2021-04-13 19:24:23,5.8089,-0.3503,84.2,79,20,11.5
187,Liwale,TZ,2021-04-13 19:24:23,-9.7667,37.9333,69.17,97,100,3.96
188,Ishigaki,JP,2021-04-13 19:24:23,24.3448,124.1572,73.83,86,97,15.3
189,Kodiak,US,2021-04-13 19:24:24,57.79,-152.4072,39.2,81,90,9.22
190,Cidreira,BR,2021-04-13 19:24:24,-30.1811,-50.2056,73.11,56,12,8.12
191,Kasongo-Lunda,CD,2021-04-13 19:24:24,-6.4667,16.8167,71.24,95,91,0.96
192,Majene,ID,2021-04-13 19:24:24,-3.5403,118.9707,76.77,87,100,3.04
193,Lodwar,KE,2021-04-13 19:24:25,3.1191,35.5973,88.0,40,91,9.1
194,Torbay,CA,2021-04-13 19:24:25,47.6666,-52.7314,37.99,93,90,32.21
195,Iquique,CL,2021-04-13 19:24:26,-20.2208,-70.1431,69.8,64,0,12.66
196,Saint-Pierre,RE,2021-04-13 19:24:26,-21.3393,55.4781,78.8,73,0,4.61
197,Ilulissat,GL,2021-04-13 19:24:26,69.2167,-51.1,28.4,93,75,12.66
198,Opuwo,NA,2021-04-13 19:24:26,-18.0607,13.84,72.63,31,2,7.7
199,Zabaykalsk,RU,2021-04-13 19:24:27,49.6333,117.3167,24.46,23,58,8.34
200,La Ronge,CA,2021-04-13 19:24:27,55.1001,-105.2842,33.8,29,92,6.91
201,Georgetown,MY,2021-04-13 19:24:27,5.4112,100.3354,79.0,88,20,2.3
202,Olga,RU,2021-04-13 19:24:28,43.7444,135.2892,30.78,45,92,9.95
203,Pachino,IT,2021-04-13 19:24:28,36.7186,15.0907,53.6,87,7,4.61
204,Lasa,IT,2021-04-13 19:24:28,46.6166,10.7002,48.2,54,0,10.36
205,Ondjiva,AO,2021-04-13 19:24:29,-17.0667,15.7333,73.72,33,76,6.62
206,Khatanga,RU,2021-04-13 19:24:29,71.9667,102.5,22.23,94,100,15.99
207,Hasaki,JP,2021-04-13 19:24:29,35.7333,140.8333,62.6,94,75,10.36
208,Kahului,US,2021-04-13 19:24:30,20.8947,-156.47,75.2,69,40,11.5
209,Beringovskiy,RU,2021-04-13 19:24:30,63.05,179.3167,8.6,91,98,12.06
210,Zhanjiang,CN,2021-04-13 19:24:30,21.2815,110.3427,75.74,86,54,7.9
211,Guerrero Negro,MX,2021-04-13 19:24:30,27.9769,-114.0611,65.32,56,1,16.89
212,Kongoussi,BF,2021-04-13 19:20:14,13.3258,-1.5347,97.75,15,73,0.2
213,Kushima,JP,2021-04-13 19:24:31,31.4583,131.2333,53.49,84,12,9.4
214,Cap-Aux-Meules,CA,2021-04-13 19:24:31,47.3821,-61.8597,41.0,75,14,32.21
215,Bonavista,CA,2021-04-13 19:24:31,48.6499,-53.1147,39.2,81,18,8.05
216,Jacqueville,CI,2021-04-13 19:24:32,5.2052,-4.4146,86.0,79,20,8.05
217,Creel,MX,2021-04-13 19:24:32,27.75,-107.6333,69.04,10,0,16.08
218,Tuatapere,NZ,2021-04-13 19:24:32,-46.1333,167.6833,51.01,96,100,5.99
219,Mikkeli,FI,2021-04-13 19:24:33,61.6886,27.2723,41.0,75,0,3.44
220,Butaritari,KI,2021-04-13 19:24:33,3.0707,172.7902,82.18,75,100,10.45
221,Pisco,PE,2021-04-13 19:24:33,-13.7,-76.2167,71.6,68,0,10.36
222,Iqaluit,CA,2021-04-13 19:23:19,63.7506,-68.5145,21.2,73,90,23.02
223,Makushino,RU,2021-04-13 19:24:34,55.2103,67.2442,35.46,95,53,9.57
224,Touros,BR,2021-04-13 19:24:34,-5.1989,-35.4608,86.0,66,40,17.27
225,Augusta,DE,2021-04-13 19:24:35,48.3667,10.8833,37.4,64,0,4.61
226,Stornoway,GB,2021-04-13 19:24:35,58.2093,-6.3865,45.0,87,100,1.14
227,Ribeira Grande,PT,2021-04-13 19:24:35,38.5167,-28.7,62.6,94,75,17.27
228,Biak,ID,2021-04-13 19:24:36,-0.9131,122.8766,75.76,83,97,4.41
229,Husavik,IS,2021-04-13 19:24:36,66.0449,-17.3389,46.4,49,20,13.8
230,Lompoc,US,2021-04-13 19:24:36,34.6391,-120.4579,55.0,71,15,12.12
231,Portland,US,2021-04-13 19:24:22,45.5234,-122.6762,62.01,20,1,12.66
232,Causapscal,CA,2021-04-13 19:24:37,48.3542,-67.227,55.51,44,5,5.28
233,Cherskiy,RU,2021-04-13 19:24:37,68.75,161.3,-17.95,99,93,4.59
234,Codrington,AU,2021-04-13 19:24:37,-38.2667,141.9667,54.99,77,1,15.28
235,Dudinka,RU,2021-04-13 19:24:38,69.4058,86.1778,21.83,93,100,13.65
236,Barra Patuca,HN,2021-04-13 19:24:38,15.8,-84.2833,84.99,65,100,12.35
237,Sicamous,CA,2021-04-13 19:24:38,50.8331,-118.9856,55.0,34,0,4.61
238,Tiksi,RU,2021-04-13 19:24:39,71.6872,128.8694,11.73,78,89,11.88
239,Los Llanos De Aridane,ES,2021-04-13 19:24:39,28.6585,-17.9182,71.6,78,20,3.44
240,Tatawin,TN,2021-04-13 19:23:10,32.9297,10.4518,60.8,41,30,8.05
241,Vytegra,RU,2021-04-13 19:24:39,61.0064,36.4481,45.64,98,100,4.43
242,Poum,NC,2021-04-13 19:24:40,-20.2333,164.0167,77.72,84,100,17.29
243,La Valette-Du-Var,FR,2021-04-13 19:24:40,43.1374,5.9831,55.0,71,0,3.44
244,Bocas Del Toro,PA,2021-04-13 19:24:40,9.3333,-82.25,77.0,46,79,5.01
245,College,US,2021-04-13 19:23:01,64.8569,-147.8028,39.2,56,75,1.43
246,Tsabong,BW,2021-04-13 19:24:41,-26.0217,22.401,77.09,28,0,9.04
247,Padang,ID,2021-04-13 19:24:41,-0.9492,100.3543,77.88,87,99,2.13
248,Monrovia,LR,2021-04-13 19:24:42,6.3005,-10.7969,84.2,84,75,11.5
249,Diffa,NE,2021-04-13 19:24:42,13.3154,12.6113,88.25,6,9,8.12
250,San Patricio,US,2021-04-13 19:24:42,28.017,-97.5169,88.0,74,75,11.5
251,Mocuba,MZ,2021-04-13 19:24:42,-16.8392,36.9856,69.01,95,71,2.89
252,Boueni,YT,2021-04-13 19:24:43,-12.9025,45.0761,78.8,94,100,5.75
253,Provideniya,RU,2021-04-13 19:24:43,64.3833,-173.3,18.09,93,100,13.76
254,Nome,US,2021-04-13 19:24:43,64.5011,-165.4064,32.0,93,90,12.66
255,Roebourne,AU,2021-04-13 19:24:44,-20.7833,117.1333,80.62,74,100,13.15
256,Rovaniemi,FI,2021-04-13 19:24:44,66.5,25.7167,32.0,93,90,12.66
257,Carmen,MX,2021-04-13 19:20:25,18.6333,-91.8333,96.8,46,1,10.36
258,Yaan,NG,2021-04-13 19:24:44,7.3833,8.5667,88.23,50,100,6.11
259,Port Elizabeth,ZA,2021-04-13 19:24:45,-33.918,25.5701,71.6,94,90,4.61
260,Sobolevo,RU,2021-04-13 19:24:45,54.4299,31.8996,51.69,90,100,4.65
261,Callaway,US,2021-04-13 19:24:45,30.153,-85.5699,82.0,47,20,13.8
262,Tommot,RU,2021-04-13 19:24:46,58.9564,126.2925,-0.17,98,44,2.77
263,Kodinsk,RU,2021-04-13 19:24:46,58.6881,99.1844,29.35,91,100,9.06
264,Longyearbyen,SJ,2021-04-13 19:24:46,78.2186,15.6401,8.6,61,20,20.71
265,Andrelandia,BR,2021-04-13 19:24:47,-21.7397,-44.3092,69.71,82,72,6.53
266,Bengkulu,ID,2021-04-13 19:24:47,-3.8004,102.2655,76.68,90,100,3.09
267,Benghazi,LY,2021-04-13 19:22:15,32.1167,20.0667,68.74,46,100,11.61
268,Souillac,MU,2021-04-13 19:24:47,-20.5167,57.5167,78.8,83,75,5.75
269,Haines Junction,CA,2021-04-13 19:24:48,60.7522,-137.5108,37.4,52,95,4.61
270,Tomatlan,MX,2021-04-13 19:24:48,19.9333,-105.25,89.64,37,0,9.86
271,Kruisfontein,ZA,2021-04-13 19:24:48,-34.0033,24.7314,66.0,93,11,1.99
272,Victoria,HK,2021-04-13 19:24:49,22.2855,114.1577,77.0,88,13,1.01
273,Milas,TR,2021-04-13 19:24:49,37.3164,27.7839,55.4,82,0,5.75
274,Kerrville,US,2021-04-13 19:24:49,30.0474,-99.1403,78.8,53,90,9.22
275,Miyako,JP,2021-04-13 19:24:50,39.6367,141.9525,53.04,92,15,3.8
276,Yeppoon,AU,2021-04-13 19:24:50,-23.1333,150.7333,62.6,77,0,8.05
277,Namibe,AO,2021-04-13 19:24:50,-15.1961,12.1522,80.96,66,25,8.21
278,Sorland,NO,2021-04-13 19:24:51,67.667,12.6934,37.4,75,40,14.97
279,Salinas,US,2021-04-13 19:24:51,36.6777,-121.6555,57.2,62,90,14.97
280,Hearst,CA,2021-04-13 19:24:51,49.6835,-83.6665,50.0,93,100,4.61
281,Pangnirtung,CA,2021-04-13 19:24:51,66.1451,-65.7125,19.4,86,90,12.66
282,Tiznit,MA,2021-04-13 19:24:52,29.5833,-9.5,66.38,55,100,7.94
283,Bethel,US,2021-04-13 19:24:52,41.3712,-73.414,63.0,48,75,10.36
284,Keetmanshoop,NA,2021-04-13 19:24:52,-26.5833,18.1333,82.04,16,0,10.87
285,Katav-Ivanovsk,RU,2021-04-13 19:24:53,54.7531,58.1956,46.62,93,17,3.56
286,Saldanha,ZA,2021-04-13 19:24:53,-33.0117,17.9442,68.0,60,100,4.61
287,Estevan,CA,2021-04-13 19:24:53,49.1334,-102.9842,23.0,86,90,21.85
288,Acapulco,MX,2021-04-13 19:24:54,16.8634,-99.8901,86.0,66,1,5.75
289,Banepa,NP,2021-04-13 19:24:54,27.6298,85.5214,59.0,67,40,4.61
290,Russell,US,2021-04-13 19:24:54,32.3502,-85.1999,87.8,18,1,5.12
291,Hirara,JP,2021-04-13 19:24:55,24.8,125.2833,72.39,87,100,17.74
292,Aklavik,CA,2021-04-13 19:24:55,68.2191,-135.0107,28.4,54,1,2.57
293,Tongzi,CN,2021-04-13 19:24:55,28.7829,105.0877,64.38,77,100,2.37
294,Chichli,IN,2021-04-13 19:24:56,22.8333,78.8167,85.3,10,0,5.95
295,Naryan-Mar,RU,2021-04-13 19:24:56,67.6713,53.087,28.15,97,100,6.96
296,Sagar,IN,2021-04-13 19:24:56,23.8333,78.7167,85.55,11,0,4.27
297,Margate,GB,2021-04-13 19:24:57,51.3813,1.3862,45.0,51,21,1.99
298,Kumluca,TR,2021-04-13 19:24:57,36.3703,30.2869,57.7,76,53,2.01
299,Dillon,US,2021-04-13 19:24:57,34.4166,-79.3712,81.0,29,1,8.05
300,San Quintin,MX,2021-04-13 19:24:57,30.4833,-115.95,62.1,63,76,15.01
301,Avarua,CK,2021-04-13 19:24:58,-21.2078,-159.775,80.6,74,20,1.14
302,Matara,LK,2021-04-13 19:24:58,5.9485,80.5353,78.67,83,93,0.54
303,Kroonstad,ZA,2021-04-13 19:24:58,-27.6504,27.2349,67.8,35,5,4.76
304,Flic En Flac,MU,2021-04-13 19:24:59,-20.2742,57.3631,79.0,83,75,5.75
305,Vila Velha,BR,2021-04-13 19:24:59,-20.3297,-40.2925,80.01,65,0,14.97
306,Skibbereen,IE,2021-04-13 19:24:59,51.55,-9.2667,44.6,81,20,5.75
307,Vohibinany,MG,2021-04-13 19:23:01,-17.35,49.0333,70.41,99,100,1.45
308,Kempsey,AU,2021-04-13 19:25:00,-31.0833,152.8333,48.99,96,1,1.01
309,Itarema,BR,2021-04-13 19:25:00,-2.9248,-39.9167,82.47,73,68,11.54
310,Marawi,PH,2021-04-13 19:25:01,7.9986,124.2928,75.99,90,100,5.01
311,Kastamonu,TR,2021-04-13 19:25:01,41.5,33.6667,44.01,61,88,3.04
312,Sao Joaquim,BR,2021-04-13 19:24:22,-28.2939,-49.9317,75.99,54,87,1.88
313,Marrakesh,MA,2021-04-13 19:22:36,31.6315,-8.0083,77.0,36,75,10.36
314,Ciudad Bolivar,VE,2021-04-13 19:25:04,8.1222,-63.5497,92.88,42,100,3.62
315,Pahrump,US,2021-04-13 19:25:05,36.2083,-115.9839,77.0,17,0,8.01
316,Dingle,PH,2021-04-13 19:25:05,10.9995,122.6711,76.33,81,100,5.57
317,Anadyr,RU,2021-04-13 19:25:05,64.75,177.4833,10.4,79,100,4.47
318,Montrose,US,2021-04-13 19:20:15,38.4166,-108.2673,55.99,34,100,7.0
319,Buala,SB,2021-04-13 19:25:06,-8.145,159.5921,78.49,75,57,1.88
320,Taunggyi,MM,2021-04-13 19:25:06,20.7833,97.0333,67.23,47,0,4.03
321,Calbuco,CL,2021-04-13 19:25:06,-41.768,-73.1273,68.0,73,20,9.22
322,Ormara,PK,2021-04-13 19:25:07,25.2088,64.6357,79.84,63,0,4.47
323,Pucallpa,PE,2021-04-13 19:25:07,-8.3791,-74.5539,86.0,66,40,6.91
324,Beloha,MG,2021-04-13 19:25:08,-25.1667,45.05,72.91,85,51,14.63
325,Mezen,RU,2021-04-13 19:25:08,65.8522,44.24,41.76,95,66,6.76
326,Fort-Shevchenko,KZ,2021-04-13 19:25:08,44.5086,50.263,63.46,21,97,13.35
327,Lardos,GR,2021-04-13 19:25:09,36.0942,28.0157,60.8,72,20,2.77
328,Cumberland,US,2021-04-13 19:25:09,35.0502,-78.8664,79.0,31,1,3.44
329,Mao,ES,2021-04-13 19:25:09,39.8885,4.2658,53.6,58,0,2.3
330,Constitucion,CL,2021-04-13 19:25:10,-35.3333,-72.4167,68.14,62,9,11.3
331,Cilegon,ID,2021-04-13 19:25:10,-6.0174,106.0538,77.0,88,40,2.3
332,Ancud,CL,2021-04-13 19:25:10,-41.8697,-73.8203,70.0,68,0,8.05
333,Puerto Asis,CO,2021-04-13 19:25:11,0.5133,-76.5007,84.2,61,40,4.61
334,Chapais,CA,2021-04-13 19:25:11,49.7834,-74.8492,60.8,41,1,4.61
335,Oktyabrskiy,RU,2021-04-13 19:25:11,54.4815,53.471,46.89,87,46,5.03
336,Sibolga,ID,2021-04-13 19:25:12,1.7427,98.7792,75.09,86,100,2.8
337,Besskorbnaya,RU,2021-04-13 19:25:12,44.6447,41.311,46.44,95,100,1.86
338,Hofn,IS,2021-04-13 19:25:12,64.2539,-15.2082,42.62,78,25,4.03
339,Iskateley,RU,2021-04-13 19:25:12,67.6803,53.1512,27.88,97,100,6.89
340,Grand Bank,CA,2021-04-13 19:25:13,47.0999,-55.765,41.0,87,90,42.57
341,Agucadoura,PT,2021-04-13 19:25:13,41.4318,-8.7804,61.0,94,75,3.44
342,Muzhi,RU,2021-04-13 19:25:13,65.3667,64.6667,31.66,99,100,1.45
343,Port-Cartier,CA,2021-04-13 19:25:14,50.0334,-66.8654,44.01,65,8,6.91
344,Ambilobe,MG,2021-04-13 19:25:14,-13.2,49.05,73.6,93,100,3.94
345,Sur,OM,2021-04-13 19:25:14,22.5667,59.5289,84.16,45,3,7.83
346,Crystal Beach,CA,2021-04-13 19:25:15,42.8699,-79.0583,61.0,93,56,10.36
347,Kuytun,RU,2021-04-13 19:25:15,54.3419,101.5036,25.57,92,40,9.6
348,Nuuk,GL,2021-04-13 19:25:15,64.1835,-51.7216,41.0,60,20,2.3
349,Toktogul,KG,2021-04-13 19:25:16,41.8708,72.9402,50.63,90,100,0.67
350,Ryotsu,JP,2021-04-13 19:25:16,38.0833,138.4333,48.94,87,100,7.25
351,Caravelas,BR,2021-04-13 19:25:16,-17.7125,-39.2481,82.65,53,0,6.42
352,Mandiana,GN,2021-04-13 19:25:17,10.6333,-8.6833,94.12,25,70,8.05
353,Antofagasta,CL,2021-04-13 19:25:17,-23.65,-70.4,71.01,72,0,13.8
354,Pontal Do Parana,BR,2021-04-13 19:25:17,-25.6533,-48.5128,71.6,68,90,8.05
355,Zabid,YE,2021-04-13 19:25:18,14.1951,43.3152,82.42,71,4,6.24
356,Urumqi,CN,2021-04-13 19:25:05,43.801,87.6005,55.4,22,0,8.95
357,Srandakan,ID,2021-04-13 19:25:18,-7.9386,110.2506,76.75,88,63,3.38
358,Taoudenni,ML,2021-04-13 19:25:18,22.6783,-3.9836,98.62,7,54,6.71
359,Bilibino,RU,2021-04-13 19:25:19,68.0546,166.4372,-13.0,82,98,3.24
360,Paka,MY,2021-04-13 19:25:19,4.6374,103.4368,78.8,89,39,2.3
361,Shelburne,CA,2021-04-13 19:25:19,44.0787,-80.2041,62.01,49,13,10.27
362,Houlton,US,2021-04-13 19:25:20,46.1262,-67.8403,55.99,50,90,11.5
363,Liverpool,GB,2021-04-13 19:25:20,53.4106,-2.9779,50.0,71,25,9.22
364,Kamaishi,JP,2021-04-13 19:25:20,39.2667,141.8833,54.54,95,38,6.2
365,Lagoa,PT,2021-04-13 19:25:21,39.05,-27.9833,60.37,91,98,19.1
366,Venice,US,2021-04-13 19:22:55,27.0998,-82.4543,82.0,65,1,11.5
367,Khrebtovaya,RU,2021-04-13 19:25:21,56.7032,104.2494,19.53,98,97,4.36
368,Saint-Augustin,CA,2021-04-13 19:25:21,51.226,-58.6502,43.34,57,15,18.05
369,Bayevo,RU,2021-04-13 19:25:22,53.2833,80.7667,33.39,84,100,7.92
370,Constantine,DZ,2021-04-13 19:25:22,36.365,6.6147,51.8,71,0,4.61
371,Istok,XK,2021-04-13 19:25:22,42.7808,20.4875,48.2,66,75,20.71
372,Santa Rosa,PH,2021-04-13 19:21:16,14.3122,121.1114,82.4,78,20,4.61
373,Camopi,GF,2021-04-13 19:25:23,3.1655,-52.3158,78.4,94,100,3.33
374,Lorengau,PG,2021-04-13 19:25:23,-2.0226,147.2712,78.66,81,100,4.21
375,Lawton,US,2021-04-13 19:24:01,34.6087,-98.3903,69.8,23,75,12.66
376,Pevek,RU,2021-04-13 19:25:23,69.7008,170.3133,-16.62,99,100,4.61
377,Half Moon Bay,US,2021-04-13 19:25:24,37.4636,-122.4286,59.0,76,75,13.8
378,High Level,CA,2021-04-13 19:25:24,58.5169,-117.136,42.8,42,75,6.91
379,Luderitz,NA,2021-04-13 19:25:24,-26.6481,15.1594,79.72,33,1,6.64
380,Masalli,KR,2021-04-13 19:25:25,34.7959,126.6553,44.6,61,100,13.8
381,Tual,ID,2021-04-13 19:25:25,-5.6667,132.75,82.67,73,71,10.94
382,Corinto,GR,2021-04-13 19:21:16,37.9407,22.9573,59.0,47,96,6.55
383,Ranau,MY,2021-04-13 19:25:25,5.9538,116.6641,77.0,88,20,5.75
384,Harper,LR,2021-04-13 19:25:26,4.375,-7.7169,81.63,81,100,8.52
385,Xai-Xai,MZ,2021-04-13 19:25:26,-25.0519,33.6442,72.03,85,4,7.09
386,Chimoio,MZ,2021-04-13 19:25:26,-19.1164,33.4833,68.0,88,20,4.61
387,Sukhodol,RU,2021-04-13 19:25:27,53.9006,51.2117,52.61,73,65,5.82
388,Geraldton,AU,2021-04-13 19:25:27,-28.7667,114.6,57.2,77,0,9.22
389,Dalbandin,PK,2021-04-13 19:25:27,28.8947,64.4101,79.54,17,100,5.97
390,Port Lincoln,AU,2021-04-13 19:25:28,-34.7333,135.8667,61.43,70,0,17.34
391,Laguna,US,2021-04-13 19:25:28,38.421,-121.4238,71.01,34,1,10.36
392,Dongkan,CN,2021-04-13 19:25:28,33.9997,119.8308,45.03,70,100,3.74
393,Jalu,LY,2021-04-13 19:25:29,29.0331,21.5482,76.08,14,100,11.36
394,Fairbanks,US,2021-04-13 19:23:14,64.8378,-147.7164,39.2,64,20,1.36
395,Amudat,UG,2021-04-13 19:25:29,1.95,34.95,71.29,69,100,0.87
396,Trinidad,BO,2021-04-13 19:25:29,-14.8333,-64.9,84.2,65,20,9.22
397,Port Macquarie,AU,2021-04-13 19:23:50,-31.4333,152.9167,51.01,96,4,1.01
398,Eyemouth,GB,2021-04-13 19:25:30,55.8713,-2.0901,46.0,75,18,7.96
399,Neiafu,TO,2021-04-13 19:25:30,-18.65,-173.9833,71.6,88,20,12.39
400,Chumphon,TH,2021-04-13 19:25:14,10.3333,98.8333,72.77,89,100,0.89
401,Petropavlovsk-Kamchatskiy,RU,2021-04-13 19:25:31,53.0452,158.6483,32.0,100,75,2.48
402,Blackpool,GB,2021-04-13 19:25:31,53.8167,-3.05,46.4,81,0,5.75
403,Chihuahua,MX,2021-04-13 19:25:31,28.5,-106.0,82.4,6,1,6.91
404,Fukue,JP,2021-04-13 19:25:32,32.6881,128.8419,53.13,63,100,26.82
405,Brazzaville,CG,2021-04-13 19:24:35,-4.2658,15.2832,77.0,83,20,4.61
406,Tigil,RU,2021-04-13 19:25:32,57.8,158.6667,3.47,93,100,3.2
407,Yeovil,GB,2021-04-13 19:21:11,50.9416,-2.6321,46.4,76,40,4.61
408,North Bend,US,2021-04-13 19:25:32,43.4065,-124.2243,63.0,44,1,10.36
409,Milyutinskaya,RU,2021-04-13 19:25:33,48.6279,41.6679,55.42,83,99,7.36
410,Mugumu,TZ,2021-04-13 19:25:33,-1.85,34.7,61.92,94,99,1.68
411,Vila Franca Do Campo,PT,2021-04-13 19:25:33,37.7167,-25.4333,62.6,88,40,17.27
412,Samana,DO,2021-04-13 19:25:34,19.2056,-69.3369,87.8,62,75,9.22
413,Rio Gallegos,AR,2021-04-13 19:25:34,-51.6226,-69.2181,53.6,82,90,23.02
414,Solginskiy,RU,2021-04-13 19:25:34,61.05,41.3428,49.96,93,100,7.23
415,Cabra,ES,2021-04-13 19:25:35,37.4725,-4.4421,68.0,49,0,3.44
416,Tautira,PF,2021-04-13 19:25:35,-17.7333,-149.15,82.4,65,75,11.5
417,Gornyye Klyuchi,RU,2021-04-13 19:25:35,45.25,133.5,27.18,58,0,7.99
418,Eureka,US,2021-04-13 19:25:35,40.8021,-124.1637,60.01,59,2,4.0
419,Verkhoyansk,RU,2021-04-13 19:25:36,67.5447,133.385,-11.96,100,96,1.12
420,Goba,ET,2021-04-13 19:25:36,7.0167,39.9833,51.44,80,13,4.76
421,Presidencia Roque Saenz Pena,AR,2021-04-13 19:25:36,-26.7852,-60.4388,77.0,58,100,1.99
422,Maragogi,BR,2021-04-13 19:25:37,-9.0122,-35.2225,80.76,79,100,7.31
423,Datong,CN,2021-04-13 19:25:37,40.0936,113.2914,38.66,28,0,5.5
424,Najran,SA,2021-04-13 19:25:37,17.4924,44.1277,82.4,26,40,3.38
425,Teeli,RU,2021-04-13 19:25:38,51.0333,90.2333,33.28,62,1,1.48
426,Odweyne,SO,2021-04-13 19:25:38,9.4092,45.064,78.04,44,38,7.02
427,Lhokseumawe,ID,2021-04-13 19:25:38,5.1801,97.1507,78.1,84,89,5.53
428,Shakiso,ET,2021-04-13 19:25:39,5.75,38.9167,63.36,79,100,2.44
429,Urucui,BR,2021-04-13 19:25:39,-7.2294,-44.5561,85.59,63,100,3.42
430,Guarapari,BR,2021-04-13 19:25:39,-20.6667,-40.4975,80.01,65,0,14.97
431,Moron,AR,2021-04-13 19:25:40,-34.6534,-58.6198,78.8,38,0,4.61
432,Palauig,PH,2021-04-13 19:25:40,15.435,119.9045,79.81,76,29,3.11
433,Jijiga,ET,2021-04-13 19:25:40,9.35,42.8,69.62,63,25,4.54
434,Hervey Bay,AU,2021-04-13 19:25:40,-25.2986,152.8535,61.0,82,17,8.05
435,Chara,RU,2021-04-13 19:25:41,56.9064,118.2631,4.91,73,100,0.94
436,Kortkeros,RU,2021-04-13 19:25:41,61.8106,51.5806,50.0,66,0,8.95
437,Grindavik,IS,2021-04-13 19:25:41,63.8424,-22.4338,44.6,81,40,10.36
438,Kirakira,SB,2021-04-13 19:25:09,-10.4544,161.9205,78.31,85,100,4.38
439,Salalah,OM,2021-04-13 19:25:42,17.0151,54.0924,82.4,69,0,4.61
440,Port Moresby,PG,2021-04-13 19:25:42,-9.4431,147.1797,68.0,100,20,3.44
441,Villaviciosa,ES,2021-04-13 19:25:42,43.4813,-5.4357,55.0,65,29,8.77
442,Ada,US,2021-04-13 19:21:33,43.4166,-116.1262,52.0,24,1,9.22
443,Augusto Correa,BR,2021-04-13 19:25:43,-1.0217,-46.635,80.13,90,100,5.37
444,Cabedelo,BR,2021-04-13 19:25:43,-6.9811,-34.8339,82.4,89,75,13.8
445,Calama,CL,2021-04-13 19:25:43,-22.4667,-68.9333,77.0,8,0,23.02
446,Zunyi,CN,2021-04-13 19:25:44,27.6867,106.9072,55.98,94,100,5.06
447,Kot Diji,PK,2021-04-13 19:25:44,27.3427,68.7083,82.4,44,100,5.41
448,Farah,AF,2021-04-13 19:25:44,32.5,62.5,70.41,25,100,1.66
449,Dutlwe,BW,2021-04-13 19:25:45,-23.9833,23.9,69.62,29,0,7.81
450,Porto Novo,BJ,2021-04-13 19:25:45,6.4965,2.6036,86.0,74,40,12.66
451,Muana,BR,2021-04-13 19:25:46,-1.5283,-49.2167,86.14,65,100,6.08
452,Ritchie,ZA,2021-04-13 19:25:46,-29.038,24.6028,66.2,52,3,4.61
453,Nicoya,CR,2021-04-13 19:25:46,10.1483,-85.452,95.0,41,40,14.97
454,Storforshei,NO,2021-04-13 19:25:46,66.4043,14.5233,32.0,74,75,5.75
455,Leshukonskoye,RU,2021-04-13 19:25:47,64.8989,45.7622,43.72,91,90,7.74
456,Bosaso,SO,2021-04-13 19:25:47,11.2842,49.1816,80.06,69,5,2.3
457,Coahuayana,MX,2021-04-13 19:25:47,18.7333,-103.6833,80.6,61,75,8.23
458,Floriano,BR,2021-04-13 19:25:48,-6.7669,-43.0225,87.76,56,94,8.12
459,Camocim,BR,2021-04-13 19:25:48,-2.9022,-40.8411,80.55,83,77,12.62
460,Mount Gambier,AU,2021-04-13 19:23:25,-37.8333,140.7667,55.4,88,40,13.8
461,Kunda,IN,2021-04-13 19:25:49,25.7167,81.5167,85.95,9,0,4.83
462,Robertsport,LR,2021-04-13 19:25:49,6.7533,-11.3686,82.47,81,52,10.58
463,Adrar,MR,2021-04-13 19:25:49,20.5022,-10.0711,89.55,13,14,10.29
464,Wenceslau Braz,BR,2021-04-13 19:25:49,-23.8739,-49.8028,75.99,51,99,4.0
465,Camana,PE,2021-04-13 19:25:50,-16.6228,-72.7111,71.82,71,98,6.76
466,Tecoanapa,MX,2021-04-13 19:25:50,16.5167,-98.75,85.3,57,0,11.03
467,De-Kastri,RU,2021-04-13 19:25:51,51.4667,140.7833,22.35,92,100,15.97
468,New Haven,US,2021-04-13 19:25:51,41.4001,-72.9329,64.4,39,75,6.91
469,Pringsewu,ID,2021-04-13 19:25:51,-5.3582,104.9744,72.3,98,100,2.98
470,Sorong,ID,2021-04-13 19:25:51,-0.8833,131.25,78.58,84,100,7.72
471,Maningrida,AU,2021-04-13 19:25:52,-12.0667,134.2667,72.52,76,83,6.15
472,Noumea,NC,2021-04-13 19:25:52,-22.2763,166.4572,77.0,94,90,3.44
473,Henties Bay,NA,2021-04-13 19:25:52,-22.116,14.2845,80.49,38,2,9.31
474,Puro,PH,2021-04-13 19:25:53,12.4841,123.3827,79.72,81,100,6.73
475,Kovdor,RU,2021-04-13 19:25:53,67.5662,30.4758,31.51,96,100,10.89
476,Tutoia,BR,2021-04-13 19:25:53,-2.7619,-42.2744,86.0,74,75,13.8
477,Unguia,CO,2021-04-13 19:25:54,8.0434,-77.0945,88.84,66,100,5.21
478,Rocha,UY,2021-04-13 19:25:54,-34.4833,-54.3333,71.53,55,0,5.7
479,Tayginka,RU,2021-04-13 19:25:54,55.6244,60.5076,46.29,91,9,3.58
480,Coquimbo,CL,2021-04-13 19:25:55,-29.9533,-71.3436,59.0,82,40,13.8
481,Shingu,JP,2021-04-13 19:25:55,33.7333,135.9833,62.91,95,78,5.08
482,Eyl,SO,2021-04-13 19:25:55,7.9803,49.8164,79.95,73,53,12.82
483,Buchanan,LR,2021-04-13 19:25:55,5.8808,-10.0467,84.2,84,75,11.5
484,Blagoveshchensk,RU,2021-04-13 19:25:56,50.2667,127.5333,17.6,62,40,4.47
485,Marshfield,US,2021-04-13 19:22:23,44.6689,-90.1718,37.99,69,90,10.36
486,Nioro,GM,2021-04-13 19:25:56,13.35,-15.75,97.34,14,0,9.62
487,Iralaya,HN,2021-04-13 19:25:57,15.0,-83.2333,89.6,70,40,10.36
488,Sioux Lookout,CA,2021-04-13 19:21:44,50.1001,-91.917,35.6,100,90,6.91
489,Kiknur,RU,2021-04-13 19:25:57,57.3034,47.2011,42.87,87,61,8.43
490,San Juan,AR,2021-04-13 19:25:57,-31.5375,-68.5364,81.84,18,0,5.23
491,Kosh-Agach,RU,2021-04-13 19:25:58,50.0,88.6667,21.69,69,0,7.49
492,Port Shepstone,ZA,2021-04-13 19:25:58,-30.7414,30.455,73.0,87,86,6.13
493,Bandarbeyla,SO,2021-04-13 19:25:58,9.4942,50.8122,79.88,74,13,10.76
494,Muros,ES,2021-04-13 19:25:59,42.7762,-9.0603,61.0,79,100,4.88
495,Havelock,US,2021-04-13 19:25:35,34.8791,-76.9013,70.0,52,90,13.8
496,Vaitape,PF,2021-04-13 19:25:59,-16.5167,-151.75,80.78,73,99,11.03
497,Lyngseidet,NO,2021-04-13 19:22:11,69.5763,20.2189,33.8,55,75,12.66
498,Honiara,SB,2021-04-13 19:25:15,-9.4333,159.95,76.08,87,100,3.11
499,Shimoda,JP,2021-04-13 19:26:00,34.6667,138.95,59.0,100,75,2.3
500,La Union,PE,2021-04-13 19:26:00,-5.4,-80.75,85.17,43,100,11.7
501,Hukuntsi,BW,2021-04-13 19:26:00,-24.0,21.75,71.74,24,0,10.09
502,Harnosand,SE,2021-04-13 19:26:01,62.6323,17.9379,33.8,80,20,6.91
503,Puerto Escondido,MX,2021-04-13 19:23:13,15.85,-97.0667,87.8,74,1,9.22
504,Kerema,PG,2021-04-13 19:26:01,-7.9631,145.7785,75.07,82,22,4.29
505,Emilio Carranza,MX,2021-04-13 19:26:02,19.9711,-96.6114,89.65,47,0,12.95
506,Milkovo,RU,2021-04-13 19:26:02,54.7167,158.6167,23.34,83,100,1.83
507,Logrono,ES,2021-04-13 19:26:02,42.4667,-2.45,55.99,62,0,2.3
508,Bentong,MY,2021-04-13 19:26:03,3.5181,101.9079,77.0,99,62,1.23
509,Corowa,AU,2021-04-13 19:26:03,-36.0333,146.3833,59.0,65,100,5.48
510,Asuncion,PY,2021-04-13 19:26:03,-25.3007,-57.6359,82.4,54,0,5.75
511,Januaria,BR,2021-04-13 19:26:04,-15.4833,-44.3667,93.56,26,11,3.6
512,Korla,CN,2021-04-13 19:26:04,41.7597,86.1469,55.85,32,99,5.26
513,Catamarca,AR,2021-04-13 19:26:04,-28.4696,-65.7852,77.0,57,9,3.18
514,Linkoping,SE,2021-04-13 19:26:04,58.4109,15.6216,39.2,70,90,5.75
515,Taltal,CL,2021-04-13 19:26:05,-25.4,-70.4833,68.65,69,24,5.08
516,Walvis Bay,NA,2021-04-13 19:26:05,-22.9575,14.5053,86.0,19,0,11.5
517,Oranjemund,NA,2021-04-13 19:26:05,-28.55,16.4333,72.5,48,0,2.84
518,Kerchevskiy,RU,2021-04-13 19:26:06,59.946,56.2884,44.31,95,100,7.9
519,Finschhafen,PG,2021-04-13 19:23:10,-6.6024,147.8681,77.56,82,69,8.19
520,Sri Aman,MY,2021-04-13 19:26:06,1.2376,111.4621,75.2,94,98,1.54
521,Abhar,IR,2021-04-13 19:26:06,36.1468,49.218,57.42,31,5,7.16
522,Mattawa,US,2021-04-13 19:26:07,46.7379,-119.9028,59.0,18,40,25.32
523,Peniche,PT,2021-04-13 19:26:07,39.3558,-9.3811,62.01,90,100,5.99
524,Trairi,BR,2021-04-13 19:26:07,-3.2778,-39.2689,79.59,86,100,6.96
525,Duku,NG,2021-04-13 19:26:08,11.2361,4.9073,93.87,5,3,5.91
526,Inhambane,MZ,2021-04-13 19:26:08,-23.865,35.3833,73.67,78,0,7.67
527,Necochea,AR,2021-04-13 19:26:08,-38.5473,-58.7368,75.99,45,0,4.7
528,Khasan,RU,2021-04-13 19:26:09,42.4308,130.6434,35.31,40,100,7.49
529,Payo,ID,2021-04-13 19:26:09,-3.7508,103.6372,71.53,96,100,1.59
530,Conde,BR,2021-04-13 19:23:18,-7.2597,-34.9075,82.4,89,75,13.8
531,Esperance,AU,2021-04-13 19:26:10,-33.8667,121.9,53.6,94,90,6.91
532,Okha,RU,2021-04-13 19:26:10,53.5739,142.9478,28.98,97,100,21.68
533,Mandalgovi,MN,2021-04-13 19:26:10,45.7625,106.2708,38.37,40,90,7.72
534,Altea,ES,2021-04-13 19:26:11,38.5989,-0.0514,57.99,76,23,5.32
535,Pandan,PH,2021-04-13 19:26:11,14.0453,124.1694,78.24,88,55,6.24
536,Mabaruma,GY,2021-04-13 19:26:11,8.2,-59.7833,87.6,59,93,7.38
537,Mglin,RU,2021-04-13 19:26:12,53.0591,32.8475,52.12,87,99,0.54
538,Elat,IL,2021-04-13 19:26:12,29.5581,34.9482,69.8,26,0,9.22
539,Shafter,US,2021-04-13 19:26:12,35.5005,-119.2718,81.0,23,1,8.05
540,Koulamoutou,GA,2021-04-13 19:26:13,-1.1303,12.4736,74.14,96,100,2.51
541,Dakar,SN,2021-04-13 19:22:57,14.6937,-17.4441,71.6,73,0,16.11
542,Maceio,BR,2021-04-13 19:23:24,-9.6658,-35.7353,82.4,74,40,8.05
543,Willmar,US,2021-04-13 19:26:13,45.1219,-95.0433,33.8,75,40,19.57
544,Gunjur,GM,2021-04-13 19:26:13,13.2019,-16.7339,80.6,57,0,11.5
545,Dieppe,FR,2021-04-13 19:26:14,49.75,1.1667,44.6,45,0,6.91
546,Notodden,NO,2021-04-13 19:26:14,59.5594,9.2585,34.0,65,27,1.99
547,Port Hardy,CA,2021-04-13 19:26:14,50.6996,-127.4199,46.4,71,40,4.61
548,Belmonte,BR,2021-04-13 19:26:15,-15.8631,-38.8828,80.6,61,40,10.36
549,Ailigandi,PA,2021-04-13 19:26:15,9.2333,-78.0167,84.13,74,100,8.66
550,Bafoulabe,ML,2021-04-13 19:26:15,13.8065,-10.8321,103.86,12,5,5.12
551,General Roca,AR,2021-04-13 19:26:15,-39.0333,-67.5833,80.6,32,0,8.05
552,Berwick,US,2021-04-13 19:26:16,41.0545,-76.2333,63.0,38,92,4.9
553,Meulaboh,ID,2021-04-13 19:26:16,4.1363,96.1285,76.17,85,100,3.91
554,Carbonia,IT,2021-04-13 19:26:16,39.1672,8.5222,53.6,76,20,5.75
555,Mareeba,AU,2021-04-13 19:26:17,-17.0,145.4333,75.2,78,75,6.91
556,Rawson,AR,2021-04-13 19:25:07,-43.3002,-65.1023,76.26,34,0,12.62
557,Chau Doc,VN,2021-04-13 19:26:17,10.7,105.1167,80.82,77,61,4.36
558,Miri,MY,2021-04-13 19:26:18,4.4148,114.0089,78.01,88,40,2.3
559,Ust-Charyshskaya Pristan,RU,2021-04-13 19:26:18,52.3934,83.6635,28.62,93,50,4.92
560,Streator,US,2021-04-13 19:26:18,41.1209,-88.8354,55.4,38,1,17.27
561,Pervomayskiy,RU,2021-04-13 19:26:19,53.2485,40.2871,55.0,35,8,12.66
562,Sulangan,PH,2021-04-13 19:26:19,11.1373,123.7228,81.48,76,100,7.45
563,Coolum Beach,AU,2021-04-13 19:26:19,-26.5333,153.1,61.0,88,6,1.01
564,Mitsamiouli,KM,2021-04-13 19:26:19,-11.3847,43.2844,80.78,76,100,4.63
565,Yatou,CN,2021-04-13 19:26:20,37.15,122.3833,38.55,39,0,4.83
566,Vila,PT,2021-04-13 19:26:20,42.0304,-8.1588,55.99,86,100,3.0
567,Zhengjiatun,CN,2021-04-13 19:26:20,43.5064,123.5064,35.44,34,7,9.26
568,Matagami,CA,2021-04-13 19:26:21,49.7502,-77.6328,64.4,39,40,13.8
